 ownerName,name,_id,Address,city,state,capacity,Registration Date,Registration Valid Upto,phoneNo,Status,type,location
A.P.M.C.MALKAPUR,APMC MALKAPUR,6751143,"BELAD YARD ,MALKAPUR,",Buldana,MAHARASHTRA,1147,04-Jul-23,03-Jul-28,9960783901,Active,cold,"17.2746815,74.1886849"
AGRICULTURAL PRODUCE MARKET COMMITTEE,KRUSHI UTTPANA BAZAR SAMITI TULJAPUR,6763296,"Latur road Market yard,",Osmanabad,MAHARASHTRA,1000,27-Jul-23,26-Jul-28,9975720584,Active,cold,"18.00804,76.07011"
Agricultural Produce Market Committee Baramati,Agricultural Produce Market Committee Baramati,6839526,"Indapur Road, Market Yard",Pune,MAHARASHTRA,1147,18-Jan-24,17-Jan-29,9860305093,Active,hot,"18.15174,74.57767"
Agricultural Produce Market Committee Manchar,Agricultural Produce Market Committee Manchar,6865174,"Market yard Manchar,",Pune,MAHARASHTRA,1147,19-Feb-24,18-Feb-29,9922861133,Active,hot,"19.00436,73.94346"
Agricultural Produce Market Committee Nandura Tq Nandura Dist Budhana,Agricultural Produce Market Committee Nandura,6748172,"TQ NANDURA, DIST BULDHANA",Buldana,MAHARASHTRA,1000,30-Jun-23,29-Jun-28,9022118473,Active,cold,"20.8372567,76.4600208"
"Agricultural Produce Market Committee, Balapur",APMC Balapur,6739981,"Sub Yard Wadegaon, Balapur Patur Road",Akola,MAHARASHTRA,1147,19-Jun-23,18-Jun-28,9370543764,Active,cold,"20.66612,76.77386"
"agriculture produce market committee,goregaon","APMC,Goregaon",6687784,"agriculture produce market committee,goregaon,",Gondiya,MAHARASHTRA,1147,22-Feb-23,21-Feb-28,7507277558,Active,hot,"18.15483,73.29147"
"agriculture produce market committee,hinganghat.","Agriculture produce market committee, Hinganghat",6852305,"APMC, Hinganghat,",Wardha,MAHARASHTRA,1000,06-Feb-24,05-Feb-29,9860864627,Active,hot,"20.54765,78.84033"
"APMC ,CHANDRAPUR","APMC,chandrapur",6691299,"APMC,datala road ,chandrapur,",Chandrapur,MAHARASHTRA,1147,01-Mar-23,28-Feb-28,9822711612,Active,hot,"19.9426621,79.8956424"
"APMC ,pauni",APMC Pauni,6692289,"Bhaitalawa ward Pauni, Pauni",Bhandara,MAHARASHTRA,1000,06-Mar-23,05-Mar-28,9881569891,Active,hot,"20.79205,79.63583"
"APMC ,Tumsar","APMC ,tumsar",6691562,"agriculture produce market committee ,tumsar,",Bhandara,MAHARASHTRA,1147,03-Mar-23,02-Mar-28,7666759424,Active,cold,"21.38333,79.73333"
APMC LAsalgaon,APMC Lasalgaon,6713887,"Vinchur,",Nashik,MAHARASHTRA,1000,01-May-23,30-Apr-28,7387670813,Active,hot,"20.14384,74.23836"
APMC Malegaon,APMC Malegaon,6763742,"Main Market Yard Camp Road,",Nashik,MAHARASHTRA,1000,27-Jul-23,26-Jul-28,7385572105,Active,cold,"20.5537,74.52881"
APMC Shrigonda,APMC Shrigonda,6861215,"Market Yard Shrigonda, Duand-Jamkhed Road",Ahmadnagar,MAHARASHTRA,1000,14-Feb-24,13-Feb-29,7028839989,Active,hot,"18.61527,74.69895"
arni,A.PM.C. Arni,6761670,"A.PM.C. Arni Tq. Arni.Dist.yawatmal,",Yavatmal,MAHARASHTRA,1147,25-Jul-23,24-Jul-28,9975049260,Active,hot,"12.66987,79.28555"
Central Warehousing Corporation,"CW,AKOLA-II",6797229,"MOHTA MILL COMPLEX, BEHIND APMC MARKET",Akola,MAHARASHTRA,27400,30-Oct-23,29-Oct-28,9021136571,Active,cold,"65.31735,25.3731"
Central Warehousing Corporation,CW Nanded ( Santosh Warehouse),5491647,"Block No 178, Bhaygaon Road, Tuppa Nanded",Nanded,MAHARASHTRA,24522,07-Jun-21,06-Jun-26,9960420107,Inactive,cold,"19.16023,77.31497"
Central Warehousing Corporation,Kolhapur-II,4131649,"A-3,MIDC,Gokulshirgaon,Kolhapur,",Kolhapur,MAHARASHTRA,20000,31-Mar-21,30-Mar-26,7767089708,Active,cold,"16.6796885,74.4681136"
Central Warehousing Corporation,CENTRAL WAREHOUSE GONIDA-1,3011645,"PLOT NO B-28-29, NEAR SINDHI HIGH SCHOOL, SAWARA TOLY, MURRI ROAD",Gondiya,MAHARASHTRA,11550,02-Mar-21,01-Mar-26,9822901852,Active,cold,"47.27541,8.4897"
Central Warehousing Corporation,CW NANDED (PRASHANT & SHUBHAM COMPLEX),5411644,"BHAYEGAON ROAD, TUPPA, NANDED",Nanded,MAHARASHTRA,12426,03-Jun-21,02-Jun-26,9960420107,Inactive,cold,"19.16023,77.31497"
Central Warehousing Corporation,"CENTRAL WAREHOUSE- WARDHAMAN NAGAR, NAGPUR",6828008,"CENTRAL WAREHOUSE- WARDHAMAN NAGAR, NAGPUR,",Nagpur,MAHARASHTRA,17850,27-Dec-23,26-Dec-28,7506733095,Active,cold,"21.14631,79.08491"
Central Warehousing Corporation,"CENTRAL WAREHOUSE, SANGLI",6826564,"3RD LANE, MARKET YARD, SANGLI",Sangli,MAHARASHTRA,16060,26-Dec-23,25-Dec-28,9921508544,Active,hot,"16.85438,74.56417"
Central Warehousing Corporation,Central Warehouse Amravati,6869853,"Krishna Nagar Post Office, New Cotton Market Road,Amravati",Amravati,MAHARASHTRA,28920,22-Feb-24,21-Feb-29,9158249847,Active,cold,"20.93333,77.75"
Central Warehousing Corporation,CW AKOLA-I,3431640,"DESHMUKH FILE IN FRONT OF APMC MARKET AKOLA, AKOLA",Akola,MAHARASHTRA,17420,12-Mar-21,11-Mar-26,9021136571,Active,cold,"18.16667,-7.08333"
Central Warehousing Corporation,CENTRAL WAREHOUSE NASHIK ROAD,4131668,"CENTRAL WAREHOUSE NASHIK ROAD, DEOLALI GAON, OPP.URDU SCHOOL, NASIK ROAD -422101,",Nashik,MAHARASHTRA,20182,31-Mar-21,30-Mar-26,8888051609,Active,cold,"53.35222,-7.20167"
Central Warehousing Corporation,Central Warehouse Gondia 2,3591665,"B 28 29, Midc Mundipar",Gondiya,MAHARASHTRA,15000,17-Mar-21,16-Mar-26,7709192567,Inactive,cold,"47.28167,8.45023"
Central Warehousing Corporation,Central Warehousing Corporation Central Warehouse CFS Ambad,6871834,"Plot No C-901, MIDC Industrial Area Ambad, Nasik,",Nashik,MAHARASHTRA,15825,26-Feb-24,25-Feb-29,8888051609,Active,cold,"19.61301,75.78906"
Central Warehousing Corporation,CENTRAL WAREHOUSING CORPORATION WASHIM (PEG),5611640,"C/o :- RABIA LOGISTICS PVT LTD, DAGAD UMRA FATA WASHIM-PUSAD ROAD",Washim,MAHARASHTRA,30000,18-Jun-21,17-Jun-26,8999015267,Inactive,hot,"20.11152,77.13221"
Central Warehousing Corporation,CENTRAL WAREHOUSE YAVATMAL,6825665,"DHAMANGAON ROAD, NEAR OCTROI CHECK POST",Yavatmal,MAHARASHTRA,23714,26-Dec-23,25-Dec-28,9372309019,Active,hot,"20.15,78.35"
KRUSHI UTPANNA BAZAR SAMITI MOTALA,KRUSHI UTPANNA BAZAR SAMITI MOTALA,6786156,"At.Po.Motala Ta.Motala Dist.Buldana, At.Po.Motala",Buldana,MAHARASHTRA,1147,26-Sep-23,25-Sep-28,9421473297,Active,hot,"58.53706,15.03649"
Maharashtra State Warehousing Corporation,"Maharashtra State Warehousing Corporation, Daryapur",6721625,"Mauze-Banosa, Near ITI, Daryapur,",Amravati,MAHARASHTRA,6000,26-May-23,25-May-28,8805017485,Active,cold,"20.9249,77.32622"
Maharashtra State Warehousing Corporation,"Maharashtra State Warehousing Corporation, Risod",6580054,"APMC, Market Yard, Risod,",Washim,MAHARASHTRA,2000,26-May-22,25-May-27,9881751896,Active,cold,"19.97549,76.78844"
Maharashtra State Warehousing Corporation,Panvel (Multi Story),6586804,"Maharashtra State Warehousing Corporation, Survey No. 437, Plot No. 465, Raigad Bazar, APMC Market Yard, Panvel",Raigarh,MAHARASHTRA,8100,30-May-22,29-May-27,8149199752,Active,hot,"18.98878,73.11013"
Maharashtra State Warehousing Corporation,GANGAKHED,6589147,"PLOT NO.B-2, MIDC AREA,, GANGAKHED",Parbhani,MAHARASHTRA,7200,01-Jun-22,31-May-27,9850611382,Active,hot,"18.9130998,76.7557068"
Maharashtra State Warehousing Corporation,NANDGAON,6583744,"APMC MARKET YARD, NANDGAON",Nashik,MAHARASHTRA,1800,29-May-22,28-May-27,8408882562,Active,hot,"20.3335523,74.6707137"
Maharashtra State Warehousing Corporation,MSWC Warora,3851664,"Maharashtra State warehousing Corporation Warora, Near Saraf Factory,Warora ,Dist-Chandrapur Pin-442907",Chandrapur,MAHARASHTRA,9880,25-Nov-19,24-Nov-24,9405943202,Active,cold,"20.23014,79.00161"
Maharashtra State Warehousing Corporation,Karad,6582753,"Market yard get no 6, Karve Naka karad",Satara,MAHARASHTRA,13450,29-May-22,28-May-27,9823741407,Active,cold,"17.3147517,74.165517"
Maharashtra State Warehousing Corporation,Tirthpuri,6576813,"MSWC, Tirthpuri, Taluka Ghansangavi,, Jalna -431209",Jalna,MAHARASHTRA,1580,23-May-22,22-May-27,7588957049,Active,hot,"19.4396245,75.9237956"
Maharashtra State Warehousing Corporation,Tumsar,6579601,"APMC, Market Yard, Tumsar",Bhandara,MAHARASHTRA,7956,26-May-22,25-May-27,9158679823,Active,cold,"21.7111225,79.8641448"
Maharashtra State Warehousing Corporation,City Godown Jalna,6585814,"Near Government godown, Near Bus Stand, Raut Nagar, Jalna -431203",Jalna,MAHARASHTRA,8850,30-May-22,29-May-27,8788294872,Active,cold,"19.84102,75.88636"
Maharashtra State Warehousing Corporation,KALWAN,6578256,"Market Yard, Kalwan, KALWAN",Nashik,MAHARASHTRA,3500,24-May-22,23-May-27,8408882562,Active,hot,"20.5293817,73.9521683"
Maharashtra State Warehousing Corporation,UMARAGA,6585186,"EKONDI ROAD,, MARKET YARD",Osmanabad,MAHARASHTRA,3377,30-May-22,29-May-27,9423326150,Active,cold,"17.8406534,76.5885554"
Maharashtra State Warehousing Corporation,LASALGAON,6582035,"MARKET YARD, KOTAMGAON ROAD",Nashik,MAHARASHTRA,4000,28-May-22,27-May-27,8408882562,Active,hot,"20.1426837,74.2377507"
Maharashtra State Warehousing Corporation,MSWC BARAMATI,6577712,"MIDC ,BARAMATI,",Pune,MAHARASHTRA,15819,24-May-22,23-May-27,9158001058,Active,cold,"18.15174,74.57767"
Maharashtra State Warehousing Corporation,"Maharashtra State Warehousing Corporation, Umarkhed",6581136,"Mahagaon Road, Umarkhed,",Yavatmal,MAHARASHTRA,8280,26-May-22,25-May-27,7507550099,Active,hot,"19.60144,77.68878"
Maharashtra State Warehousing Corporation,"Maharashtra State Warehousing Corporation, Malegaon (Washim)",6635940,"APMC, Near Rest House, Malegaon (Washim),",Washim,MAHARASHTRA,2850,26-Sep-22,25-Sep-27,9970171187,Active,hot,"20.5537,74.52881"
Maharashtra State Warehousing Corporation,MSWC Ahmednagar City,6591754,"WAKODI RAOD, BHAWANI NAGAR, MARKET YARD, AHMEDNAGAR,",Ahmadnagar,MAHARASHTRA,5400,07-Jun-22,06-Jun-27,9822347088,Active,cold,"19.09457,74.73843"
Maharashtra State Warehousing Corporation,MSWC PANDHARPUR,6579064,"KORTI ROAD, IN FRONT OF KRUSHI OFFICE",Solapur,MAHARASHTRA,16424,25-May-22,24-May-27,9158001342,Active,cold,"17.67924,75.33098"
Maharashtra State Warehousing Corporation,"MAHARASHTRA STATE WAREHOUSING CORPORATION, OSMANABAD",6591937,"Marketyard, Near Tuljapur Naka, Osmanabad",Osmanabad,MAHARASHTRA,3600,07-Jun-22,06-Jun-27,8208543965,Active,cold,"18.18158,76.03889"
Maharashtra State Warehousing Corporation,"Maharashtra State Warehousing Corporation, Sindkhed Raja",6577985,"APMC, Market Yard, Sindkhed Raja,",Buldana,MAHARASHTRA,4550,24-May-22,23-May-27,9373032431,Active,hot,"8.45955,25.678"
Maharashtra State Warehousing Corporation,"Maharashtra State Warehousing Corporation, Warud",6575641,"Nagpur Road, Roshankhed Phata,",Amravati,MAHARASHTRA,7650,19-May-22,18-May-27,8149641881,Active,cold,"21.47076,78.26858"
Maharashtra State Warehousing Corporation,"MAHARASHTRA STATE WAREHOUSING CORPORATION, PURNA",6746820,"NANDED-ROAD, PURNA",Parbhani,MAHARASHTRA,7510,27-Jun-23,26-Jun-28,9850030618,Active,cold,"19.1798,77.02595"
Maharashtra State Warehousing Corporation,MSWC Indapur,6586622,"Marketyard APMC, Near hotel Khan Chacha",Pune,MAHARASHTRA,3600,30-May-22,29-May-27,9881697171,Active,cold,"18.3,73.25"
Maharashtra State Warehousing Corporation,BODWAD,6594543,"APMC MARKET, MUKATINAGAR ROAD BODWAD",Jalgaon,MAHARASHTRA,2000,13-Jun-22,12-Jun-27,8408882562,Active,hot,"20.9034659,76.0174431"
Maharashtra State Warehousing Corporation,Palghar,6583835,"Maharashtra State Warehousing Corporation, Nandore Naka, Near APMC, Manor Road",Thane,MAHARASHTRA,5000,29-May-22,28-May-27,9029023752,Active,cold,"19.684661,72.8249112"
Maharashtra State Warehousing Corporation,MSWC Paithan - B,6783187,"MSWC, B-97, MIDC Area, Tal.Paithan, Dist. Aurangabad.,",Aurangabad,MAHARASHTRA,1580,20-Sep-23,19-Sep-28,9307712395,Active,hot,"41.66667,2"
Maharashtra State Warehousing Corporation,LONAND,6596258,"LONAND SATARA ROAD, KAPAD GAON, LONAND",Satara,MAHARASHTRA,20197,20-Jun-22,19-Jun-27,9158001332,Active,hot,"18.0387975,74.186926"
Maharashtra State Warehousing Corporation,"Maharashtra State Warehousing Corporation, Wani (Yavatmal)",6635858,"Chandrapur Road, Wani (Yavatmal),",Yavatmal,MAHARASHTRA,8550,26-Sep-22,25-Sep-27,9673527124,Active,cold,"20.0639446,78.9652282"
Maharashtra State Warehousing Corporation,"Maharashtra State Warehousing Corporation , Hinganghat",6667448,"Nagpur Hydrabad Highway, Hinganghat",Wardha,MAHARASHTRA,6780,27-Dec-22,26-Dec-27,9423619102,Active,hot,"20.54765,78.84033"
Maharashtra State Warehousing Corporation,LATUR P-2,6580773,"Near Manjara Sugar Factory,, New MIDC Barshi Road",Latur,MAHARASHTRA,21420,26-May-22,25-May-27,9158001343,Active,cold,"65.9513975,-22.5843611"
Maharashtra State Warehousing Corporation,NAVAPUR,6596704,"APMC MARKET, Opp. Sai Mandi, Main Road, Navapur",Nandurbar,MAHARASHTRA,4000,22-Jun-22,21-Jun-27,8408882562,Active,cold,"19.7904959,72.6897825"
Maharashtra State Warehousing Corporation,JALNA BORKHEDI,6586895,"SHINDKHED RAJA ROAD, BORKHEDI DTST. JALNA, SHINDKHED RAJA ROAD, BORKHEDI DTST. JALNA",Jalna,MAHARASHTRA,33611,30-May-22,29-May-27,9158001317,Active,cold,"19.8900471,75.9953284"
Maharashtra State Warehousing Corporation,MSWC Nanded(MIDC),6589238,"Plot No.B- 14-15 MIDC Area, Nanded",Nanded,MAHARASHTRA,31209,01-Jun-22,31-May-27,9158001335,Active,cold,"19.16023,77.31497"
Maharashtra State Warehousing Corporation,Maharashtra State Warehousing Corporation,6577175,"Near Railway Station, Agriculture Markeing Produce Committe Katol",Nagpur,MAHARASHTRA,5850,23-May-22,22-May-27,7385785400,Active,hot,"20.9329418,77.7555379"
Maharashtra State Warehousing Corporation,Islampur,6633879,"Kapurwadi,Market yard Islampur, Taluka Walwa",Sangli,MAHARASHTRA,3600,22-Sep-22,21-Sep-27,9325205855,Active,cold,"25.0969246,85.2604164"
Maharashtra State Warehousing Corporation,NAMPUR,6580864,"APMC MARKET YARD, APMC",Nashik,MAHARASHTRA,2000,26-May-22,25-May-27,8408882562,Active,cold,"20.7266441,74.3129666"
Maharashtra State Warehousing Corporation,Malegaon,6606065,"CAMP ROAD, APMC MALEGAON, Malegaon",Nashik,MAHARASHTRA,9600,22-Jul-22,21-Jul-27,8408882562,Active,cold,"20.5896873,74.5717573"
Maharashtra State Warehousing Corporation,"MAHARASHTRA STATE WAREHOUSING CORPORATION, JINTUR",6612188,"WARUD ROAD, JINTUR",Parbhani,MAHARASHTRA,5220,08-Aug-22,07-Aug-27,9960851387,Active,hot,"19.61186,76.6874"
Maharashtra State Warehousing Corporation,YAWAL,6600126,"YAWAL APMC, YAWAL",Jalgaon,MAHARASHTRA,4250,08-Jul-22,07-Jul-27,8408882562,Active,cold,"21.2260018,75.6950825"
Maharashtra State Warehousing Corporation,SATARA K-4,6599310,"Plot No. K-4 New MIDC, SATARA",Satara,MAHARASHTRA,11419,01-Jul-22,30-Jun-27,9922137827,Active,hot,"24.6064176,46.7216848"
Maharashtra State Warehousing Corporation,"MAHARASHTRA STATE WAREHOUSING CORPORATION, SAILU",6578074,"PATHRI ROAD, SAILU",Parbhani,MAHARASHTRA,7650,24-May-22,23-May-27,9673191509,Active,hot,"19.45513,76.43946"
Maharashtra State Warehousing Corporation,"MAHARASHTRA STATE WAREHOUSING CORPORATION, JAWALA BAZAR",6580591,"APMC YARD, JAWALA BAZAR",Hingoli,MAHARASHTRA,3600,26-May-22,25-May-27,9028980032,Active,hot,"41.0376,72.74586"
Maharashtra State Warehousing Corporation,MSWC Majalgaon,6594451,"MSWC, Georai Road, Near Jining Presing, Post, PhulePimpalgaon, Majalgaon - 431131",Bid,MAHARASHTRA,12640,13-Jun-22,12-Jun-27,8007242826,Active,cold,"19.15599,76.21152"
Maharashtra State Warehousing Corporation,"Maharashtra State Warehousing Corporation, Darwha",6580146,"Arni Road, Darwha,",Yavatmal,MAHARASHTRA,8000,26-May-22,25-May-27,9766578305,Active,hot,"20.30862,77.7691"
Maharashtra State Warehousing Corporation,"Maharashtra State Warehousing Corporation, Hinganghat (APMC)",6666721,"Shivaji Market (APMC),, Hydrabad Highway, Hinganghat",Wardha,MAHARASHTRA,9920,26-Dec-22,25-Dec-27,9423619102,Active,cold,"20.54765,78.84033"
Maharashtra State Warehousing Corporation,PACHORA,6667539,"PACHORA APMC,",Jalgaon,MAHARASHTRA,5400,27-Dec-22,26-Dec-27,8408882562,Active,hot,"20.6562575,75.4011092"
Maharashtra State Warehousing Corporation,"MAHARASHTRA STATE WAREHOUSING CORPORATION, MANWAT",6588784,"NEAR GOVT. REST-HOUSE, MANWAT",Parbhani,MAHARASHTRA,13050,01-Jun-22,31-May-27,9423958800,Active,cold,"19.30133,76.49735"
Maharashtra State Warehousing Corporation,OZAR,6589774,"Mumbai Agra Haighway,",Nashik,MAHARASHTRA,8050,01-Jun-22,31-May-27,8408882562,Active,cold,"20.7054212,75.3280592"
Maharashtra State Warehousing Corporation,"Maharashtra State Warehousing Corporation, Khamgaon (Warkhed)",6585632,"Shegaon Road, Khamgaon (Warkhed),",Buldana,MAHARASHTRA,29040,30-May-22,29-May-27,9158001330,Active,cold,"20.70738,76.56827"
Maharashtra State Warehousing Corporation,"Maharashtra State Warehousing Corporation, Karanja Lad",6586267,"Mauze Shaha, Murtizapur Road, Karanja,",Washim,MAHARASHTRA,3600,30-May-22,29-May-27,8999335198,Active,hot,"-8.83682,13.23432"
Maharashtra State Warehousing Corporation,"Maharashtra State Warehousing Corporation, Chandur Bazar",6579965,"APMC, Market Yard, Chandur Bazar,",Amravati,MAHARASHTRA,10800,26-May-22,25-May-27,9527726322,Active,cold,"21.2391,77.74703"
Maharashtra State Warehousing Corporation,CHALISGAON,6599583,"CHALISGAON APMC,",Jalgaon,MAHARASHTRA,12800,05-Jul-22,04-Jul-27,8408882562,Active,cold,"20.5023656,74.96557"
Maharashtra State Warehousing Corporation,"MAHARASHTRA STATE WAREHOUSING CORPORATION, DEGLUR",6756720,"APMC MARKETYARD, BEHIND SHETKARI NIVAS, DEGLUR, Deglur",Nanded,MAHARASHTRA,3600,14-Jul-23,13-Jul-28,9764669778,Active,cold,"18.54829,77.57695"
Maharashtra State Warehousing Corporation,"Maharashtra State Warehousing Corporation, Malkapur",6635585,"Nandura Road, Malkapur,",Buldana,MAHARASHTRA,6200,26-Sep-22,25-Sep-27,9921472770,Active,hot,"20.8856,76.20371"
Maharashtra State Warehousing Corporation,"MSWC GUT NO.57, AURANGABAD",6594634,"GUT NO.57, NEAR BAJAJ HOSPITAL ,BEED BYEPASS ROAD, AURANGABAD, GUT NO.57, NEAR BAJAJ HOSPITAL ,BEED BYEPASS ROAD, AURANGABAD",Aurangabad,MAHARASHTRA,21731,13-Jun-22,12-Jun-27,8408882581,Active,hot,"24.75,84.5"
Maharashtra State Warehousing Corporation,MSWC Sillod,6580419,"MSWC, Aurangabad-Ajanta-Jalgaon Road, Sillod, Tal Sillod, Dist Aurangabad",Aurangabad,MAHARASHTRA,4740,26-May-22,25-May-27,9850078978,Active,cold,"20.30303,75.65284"
Maharashtra State Warehousing Corporation,Maharashtra State Warehousing Corporation,6587612,"Agriculture Produce Market Committee, Market Yard Savner",Nagpur,MAHARASHTRA,3150,30-May-22,29-May-27,9764919922,Active,hot,"20.9329418,77.7555379"
Maharashtra State Warehousing Corporation,Lasur ( Station,6576276,"MSWC, APMC Area, Lasur (station), Taluka- Gangapur, Aurangabad-",Aurangabad,MAHARASHTRA,4180,23-May-22,22-May-27,9860820981,Active,hot,"19.9308686,75.0127245"
Maharashtra State Warehousing Corporation,"Maharashtra State Warehousing Corporation, Akola",6593370,"N-66, MIDC Area, Phase-4, Akola,",Akola,MAHARASHTRA,20000,13-Jun-22,12-Jun-27,9403047251,Active,cold,"20.5,77.16667"
Maharashtra State Warehousing Corporation,Tasgaon,6584460,"Market Yard Tasgaon,",Sangli,MAHARASHTRA,3480,30-May-22,29-May-27,9860345007,Active,hot,"17.0904859,74.6832675"
Maharashtra State Warehousing Corporation,MSWC Karmala,6581045,"""Jamkhed Road, Karmala 413203"", ""M.S.W.C Market Yard,""",Solapur,MAHARASHTRA,3600,26-May-22,25-May-27,8369278804,Active,hot,"18.4077,75.19386"
Maharashtra State Warehousing Corporation,BEED,6589592,"PLOT NO.47,48, MIDC AREA BEED TQ.DIST.BEED",Bid,MAHARASHTRA,8726,01-Jun-22,31-May-27,8329768566,Active,hot,"18.9918442,75.909784"
Maharashtra State Warehousing Corporation,"MAHARASHTRA STATE WAREHOUSING CORPORATION, DHARMABAD",6582126,"RATNALI ROAD,, DHARMABAD",Nanded,MAHARASHTRA,5400,28-May-22,27-May-27,8830758165,Active,cold,"18.89116,77.8494"
Maharashtra State Warehousing Corporation,"Maharashtra State Warehousing Corporation, Hinganghat",6633788,"Nagpur Hydarabad Highway, Hinganghat",Wardha,MAHARASHTRA,19050,22-Sep-22,21-Sep-27,9423619102,Active,cold,"20.54765,78.84033"
Maharashtra State Warehousing Corporation,SATANA,6581946,"MALEGAON ROAD,SATANA, SATANA",Nashik,MAHARASHTRA,5850,28-May-22,27-May-27,8408882562,Active,cold,"24.5,81"
Maharashtra State Warehousing Corporation,JALGAON H-14,6574925,"PLOT NO.H14,MIDC AREA,JALGAON, JALGAON",Jalgaon,MAHARASHTRA,61803,15-May-22,14-May-27,9579713020,Active,hot,"18.8455632,75.1133537"
Maharashtra State Warehousing Corporation,Maharashtra State Warehousing Corporation,6580328,"Agricultural Produce Market Committee, Gokul Nagar , Gadchiroli",Gadchiroli,MAHARASHTRA,4000,26-May-22,25-May-27,7875144303,Active,cold,"20.9329418,77.7555379"
Maharashtra State Warehousing Corporation,"MSWC, AHMEDPUR",6578975,"MIDC Area, Nanded Road, AHMEDPUR",Latur,MAHARASHTRA,5100,25-May-22,24-May-27,9975790190,Active,cold,"18.70622,76.93731"
Maharashtra State Warehousing Corporation,Jaysingpur,6594279,"Market yard,Near Pol Factory, Jaysingpur,",Kolhapur,MAHARASHTRA,5400,13-Jun-22,12-Jun-27,9175927336,Active,cold,"16.7789886,74.5564244"
Maharashtra State Warehousing Corporation,NANDURBAR,6592208,"G.T.P.college Road Nandurbar, Opp Shani mandir, Nandurbar",Nandurbar,MAHARASHTRA,11520,07-Jun-22,06-Jun-27,8408882562,Active,hot,"21.5141622,74.5405513"
Maharashtra State Warehousing Corporation,MSWC Sangola,3831646,"APMC ,Market Yard,",Solapur,MAHARASHTRA,2980,25-Nov-19,24-Nov-24,9420662254,Active,hot,"17.43948,75.19379"
Maharashtra State Warehousing Corporation,"Maharashtra State Warehousing Corporation, Deolgaon Raja",6578702,"MIDC Area, Shingaon Fata, Near ITI, Chikhali Road, Deolgaon Raja,",Buldana,MAHARASHTRA,5000,24-May-22,23-May-27,9373032431,Active,cold,"8.45955,25.678"
Maharashtra State Warehousing Corporation,"MAHARASHTRA STATE WAREHOUSING CORPORATION, LATUR A1",6580682,"Plot No. A!, Old MIDC Area, Barshi Road, LATUR",Latur,MAHARASHTRA,16650,26-May-22,25-May-27,7798041921,Active,cold,"47.25,4.16667"
Maharashtra State Warehousing Corporation,MSWC DONDAICHA RAMI ROAD,6575286,"Near Fly oevr Bridge, Rami Raod Dondaicha",Dhule,MAHARASHTRA,11613,19-May-22,18-May-27,9158001337,Active,hot,"53.35222,-7.20167"
Maharashtra State Warehousing Corporation,Ichalkaranji,6583025,"Market Yard Sangli Road Ichalkaranji, Market Yard Sangli Road Ichalkaranji",Kolhapur,MAHARASHTRA,3000,29-May-22,28-May-27,9175927336,Active,cold,"16.6959348,74.4555755"
Maharashtra State Warehousing Corporation,"Maharashtra State Warehousing Corporation, Khamgaon City",6635767,"APMC, Market Yard, Khamgaon,",Buldana,MAHARASHTRA,3620,26-Sep-22,25-Sep-27,8855899877,Active,cold,"20.70738,76.56827"
Maharashtra State Warehousing Corporation,AMBAD (NASHIK),6612451,"H-105 MIDC, AMBAD NASHIK",Nashik,MAHARASHTRA,2880,08-Aug-22,07-Aug-27,8408882562,Active,hot,"19.9499946,73.7431463"
Maharashtra State Warehousing Corporation,"Maharashtra State Warehousing Corpration, Arvi",6594360,"Pulgaon Road, Arvi,",Wardha,MAHARASHTRA,9000,13-Jun-22,12-Jun-27,9420246333,Active,hot,"20.99645,78.22868"
Maharashtra State Warehousing Corporation,MANMAD,6579874,"APMC MARKET YARD, CHANWAD ROAD MANMAD",Nashik,MAHARASHTRA,12900,26-May-22,25-May-27,8408882562,Active,hot,"20.2519828,74.4392286"
Maharashtra State Warehousing Corporation,MSWC Wai,4211654,"Plot no-B 50, Near Garware Company ,MIDC Wai",Satara,MAHARASHTRA,7600,11-Dec-19,10-Dec-24,9860345007,Active,cold,"17.95276,73.89058"
Maharashtra State Warehousing Corporation,Phaltan,6586986,"At Tambmal, Lonand - Phaltan Road, Post Farandwadi, Tal. Phalan",Satara,MAHARASHTRA,8920,30-May-22,29-May-27,8830845445,Active,hot,"17.9579342,74.4142354"
Maharashtra State Warehousing Corporation,LOHARA (Y),6579247,"MIDC Area, Lohara,",Yavatmal,MAHARASHTRA,16364,26-May-22,25-May-27,9665234365,Active,cold,"20.3933075,78.4268689"
Maharashtra State Warehousing Corporation,MSWC RATNAGIRI,6578348,"T-6 MIDC ,MIRJOLE BLOCK,, TAL & DIST. RATNAGIRI",Ratnagiri,MAHARASHTRA,14260,24-May-22,23-May-27,8097537118,Active,cold,"17,73.5"
Maharashtra State Warehousing Corporation,AKKALKOT,6593552,"Akkalkot, Akkalkot",Solapur,MAHARASHTRA,7704,13-Jun-22,12-Jun-27,9175989021,Active,cold,"17.515193,76.212278"
Maharashtra State Warehousing Corporation,SHAHADA,6581672,"BEHIND STATE BANK, MARKET YARD",Nandurbar,MAHARASHTRA,5100,28-May-22,27-May-27,8408882562,Active,cold,"37.104261,71.163764"
Maharashtra State Warehousing Corporation,Lote Parshuram,6769053,"M.I.D.C Area lote (P) P.29,",Ratnagiri,MAHARASHTRA,5830,31-Jul-23,30-Jul-28,8097537118,Active,cold,"17.58437,73.4979351"
Maharashtra State Warehousing Corporation,MSWC Vaijapur,6746556,"MSWC, Opp power house,, Aurangabad Rd, Vaijapur",Aurangabad,MAHARASHTRA,6320,27-Jun-23,26-Jun-28,9860820981,Active,hot,"19.92672,74.7275"
Maharashtra State Warehousing Corporation,"MAHARASHTRA STATE WAREHOUSING CORPORATION, AUSA",6746911,"PLOT NO.B-11 MIDCI AUSA, AUSA",Latur,MAHARASHTRA,5400,27-Jun-23,26-Jun-28,9579866338,Active,hot,"18.24728,76.4993"
Maharashtra State Warehousing Corporation,"MAHARASHTRA STATE WAREHOUSING CORPORATION, PARBHANI-CITY",6589501,"Behind Zilha Parishad Parbhani, Near DSM Collage, PARBHANI",Parbhani,MAHARASHTRA,6000,01-Jun-22,31-May-27,9545011693,Active,hot,"19.5,76.75"
Maharashtra State Warehousing Corporation,"UDGIRMSWC,A1MIDC Area, Loni,Nanded Road,Udgir",6630818,"MSWC,A1MIDC Area, Loni,Nanded Road,Udgir, UDGIR",Latur,MAHARASHTRA,12300,19-Sep-22,18-Sep-27,9970640322,Active,hot,"18.39258,77.11756"
Maharashtra State Warehousing Corporation,KASODA,6598593,"APMC MARKET YARD, KASODA",Jalgaon,MAHARASHTRA,2000,30-Jun-22,29-Jun-27,8408882562,Active,hot,"20.8211306,75.2956366"
Maharashtra State Warehousing Corporation,MSWC Gultekdi A,6614341,"583/B Marketyard ,Gultekadi Pune 411 037,",Pune,MAHARASHTRA,5400,12-Aug-22,11-Aug-27,8329791797,Active,hot,"38.5,-0.5"
Maharashtra State Warehousing Corporation,MSWC DONDAICHA WANI ROAD,6575104,"S. No. 8/2, 9/2, 9/1 Vani Road Warvade, Shivar",Dhule,MAHARASHTRA,14576,15-May-22,14-May-27,8551041333,Active,hot,"53.35222,-7.20167"
Maharashtra State Warehousing Corporation,MSWC Karjat,6589329,"Maharashtra State Warehousing Corporation, Dahivali Krushi Utpanna Bazar Samiti, Market Yard",Raigarh,MAHARASHTRA,1450,01-Jun-22,31-May-27,9137308234,Active,hot,"18.9107,73.32354"
Maharashtra State Warehousing Corporation,"MAHARASHTRA STATE WAREHOUSING CORPORATION, NANDED-CITY",6634505,"NANDED-HINGOLI ROAD, VASANT NAGER",Nanded,MAHARASHTRA,5640,23-Sep-22,22-Sep-27,9823426019,Active,hot,"19.16023,77.31497"
Maharashtra State Warehousing Corporation,"Maharashtra State Warehousing Corporation, Pusad",6633606,"Dhankeshwar Road, Washim Road,",Yavatmal,MAHARASHTRA,8000,22-Sep-22,21-Sep-27,9767960097,Active,hot,"19.9089,77.56825"
Maharashtra State Warehousing Corporation,"Maharashtra State Warehousing Corporation, Telhara",6576722,"APMC, Market Yar, Telhara,",Akola,MAHARASHTRA,4800,23-May-22,22-May-27,8788101807,Active,hot,"21.02694,76.83889"
Maharashtra State Warehousing Corporation,MSWC Solapur,6593735,"PLOT NO.8, SIDDHESHWAR MARKET YARD,",Solapur,MAHARASHTRA,5400,13-Jun-22,12-Jun-27,9960243003,Active,cold,"17.75,75.5"
Maharashtra State Warehousing Corporation,"Maharashtra State Warehousing Corporation, Achalpur",6633960,"APMC, Market Yard, Achalpur,",Amravati,MAHARASHTRA,5000,22-Sep-22,21-Sep-27,9604743185,Active,hot,"21.25722,77.50861"
Maharashtra State Warehousing Corporation,"Maharashtra State Warehousing Corporation, Akot",6581581,"APMC, Market Yard, Akot,",Akola,MAHARASHTRA,3870,28-May-22,27-May-27,9146938353,Active,cold,"21.09639,77.05861"
Maharashtra State Warehousing Corporation,"Maharashtra State Warehousing Corporation, Nandgaon Kh.",6582217,"APMC, Market Yard, Amravati Road, Nadgaon Khandeshwar,",Amravati,MAHARASHTRA,3600,28-May-22,27-May-27,8208231129,Active,cold,"13,105"
Maharashtra State Warehousing Corporation,"Maharashtra State Warehousing Corporation, Mehekar",6589055,"APMC, Market Yard, Dongaon Road, Mehekar,",Buldana,MAHARASHTRA,10000,01-Jun-22,31-May-27,9881751896,Active,cold,"20.1505,76.56841"
Maharashtra State Warehousing Corporation,"MAHARASHTRA STATE WAREHOUSING CORPORATION, KINWAT",6589956,"Mahur Rd., Co. Op. Cotton Ginning & Pressing Soc. Ltd. Kinwat, Tq. Kinwat, KINWAT",Nanded,MAHARASHTRA,3150,01-Jun-22,31-May-27,7972962388,Active,hot,"19.62368,78.2"
Maharashtra State Warehousing Corporation,MIRAJ,6587521,"Miraj Pandharpur road, Tasgaon Phata, Miraj, Gat No. 2233A, Malgaon,Miraj",Sangli,MAHARASHTRA,14400,30-May-22,29-May-27,9404716517,Active,hot,"16.858516,74.7108947"
Maharashtra State Warehousing Corporation,Takari,6586713,"Marketyard, Takari, Tal- Walwa,,",Sangli,MAHARASHTRA,2980,30-May-22,29-May-27,9096978970,Active,cold,"21.4831623,80.3577061"
Maharashtra State Warehousing Corporation,Kannad,6592026,"MSWC, APMC Area, Kannad, Kannad, Aurangabad-431103",Aurangabad,MAHARASHTRA,3000,07-Jun-22,06-Jun-27,9850078978,Active,hot,"43.5515198,7.0134418"
Maharashtra State Warehousing Corporation,RAVER,6582308,"Near by ITI,Utkheda Road,Pal Phata, RAVER",Jalgaon,MAHARASHTRA,5160,28-May-22,27-May-27,8408882562,Active,cold,"21.2268818,75.9985933"
Maharashtra State Warehousing Corporation,DHARANGAON,6599047,"A.P.M.C MARKET, DHARANGAON",Jalgaon,MAHARASHTRA,6600,01-Jul-22,30-Jun-27,8408882562,Active,cold,"21.0283404,75.367342"
Maharashtra State Warehousing Corporation,CHOPDA,6580500,"APMC MARKET YARD, CHOPADA",Jalgaon,MAHARASHTRA,4050,26-May-22,25-May-27,8408882562,Active,hot,"21.2771494,75.3402197"
Maharashtra State Warehousing Corporation,WANI NASHIK,6599674,"MULANE ROAD,WANI (N), WANI",Nashik,MAHARASHTRA,2000,05-Jul-22,04-Jul-27,8408882562,Active,cold,"19.99727,73.79096"
Maharashtra State Warehousing Corporation,MSWC Gultekdi B,6579510,"583/B Marketyard ,Gultekadi Pune 411 037,",Pune,MAHARASHTRA,5100,26-May-22,25-May-27,8329791797,Active,cold,"41.66667,2"
Maharashtra State Warehousing Corporation,DHAMANGAON,6579429,"Near by DSMS Colloge, Dhamangaon, Dhamangaon",Amravati,MAHARASHTRA,12043,26-May-22,25-May-27,8805060702,Active,cold,"21.1773882,76.2180723"
Maharashtra State Warehousing Corporation,"MAHARASHTRA STATE WAREHOUSING CORPORATION, HATTA",6578520,"APMC MARKET YARD,, HATTA",Hingoli,MAHARASHTRA,6550,24-May-22,23-May-27,9860155071,Active,hot,"24.13388,79.60076"
Maharashtra State Warehousing Corporation,MSWC Paithan-A,6757173,"MSWC, APMC Area, Nath Road, Narala Godown Paithan",Aurangabad,MAHARASHTRA,1580,14-Jul-23,13-Jul-28,9307712395,Active,hot,"38.5,-0.5"
Maharashtra State Warehousing Corporation,Partur,6576995,"MSWC, APMC Area, Pardgaon Road, Near Railway Track, Tal.Partur, Jalna 431501",Jalna,MAHARASHTRA,5840,23-May-22,22-May-27,7588089986,Active,cold,"19.4882762,76.2606978"
Maharashtra State Warehousing Corporation,KHADKI AHMADNAGAR,6576904,"""At Khadki, Post-Khandala,, Tal-Nagar, Dist-Ahmednagar """,Ahmadnagar,MAHARASHTRA,8944,23-May-22,22-May-27,9822148684,Active,cold,"18.9589029,74.7043477"
Maharashtra State Warehousing Corporation,MSWC JALNA BHOKARDAN ROAD,6767610,"BHOKARDAN ROAD JALNA,",Aurangabad,MAHARASHTRA,29667,31-Jul-23,30-Jul-28,8408882579,Active,cold,"53.35222,-7.20167"
Maharashtra State Warehousing Corporation,"Maharashtra State Warehousing Corporation, Washim",6575823,"APMN, Market Yard, Near Railway Station, Washim,",Washim,MAHARASHTRA,10950,19-May-22,18-May-27,9765439919,Active,hot,"20.11152,77.13221"
Maharashtra State Warehousing Corporation,KUDAL,6588966,"Kudal, Kudal",Sindhudurg,MAHARASHTRA,9821,01-Jun-22,31-May-27,9403322939,Active,hot,"16.0635268,73.8392416"
Maharashtra State Warehousing Corporation,Koregaon,6698948,"Marketyard Koregaon,dist.Satara, APMC Koregaon",Satara,MAHARASHTRA,2160,24-Mar-23,23-Mar-28,9145272701,Active,cold,"17.7402974,74.1845257"
Maharashtra State Warehousing Corporation,NAGAPUR AHMEDNAGAR,6575914,"P 153 NAGAPUR MIDC, AHMEDNAGAR, NEAR JIMKHANA",Ahmadnagar,MAHARASHTRA,22854,19-May-22,18-May-27,9822858423,Active,hot,"19.4659044,74.9901867"
Maharashtra State Warehousing Corporation,Satara D-5,6586531,"Plot NO.D5, Old MIDC Satara",Satara,MAHARASHTRA,8800,30-May-22,29-May-27,9423539262,Active,hot,"24.6064176,46.7216848"
Maharashtra State Warehousing Corporation,Parli Tokwadi,6575013,"PARLI BEED ROAD, TOKWADI",Bid,MAHARASHTRA,15378,15-May-22,14-May-27,9763816355,Active,cold,"18.8718947,76.5013432"
Maharashtra State Warehousing Corporation,Ashti,6584643,"MSWC, APMC Area ( Dhotar Joda), Taluka Partur, Partur, Jalna - 431507",Jalna,MAHARASHTRA,2000,30-May-22,29-May-27,7588957049,Active,cold,"21.2056584,78.1827905"
Maharashtra State Warehousing Corporation,JALGAON B-6,6584916,"AJANTHA ROAD, MIDC B-6 JALGAON",Jalgaon,MAHARASHTRA,16600,30-May-22,29-May-27,8408882562,Active,hot,"21.042262,76.533479"
Maharashtra State Warehousing Corporation,MUSALGAON (NASHIK),6614887,"Plot No. 142/2,, MUSALGAON MIDC MUSALGAON",Nashik,MAHARASHTRA,3000,13-Aug-22,12-Aug-27,8408882562,Active,hot,"19.8346768,74.0535946"
Maharashtra State Warehousing Corporation,CHINCHOLI (MIDC),6584825,"B/10 CHINCHOLI MIDC,",Solapur,MAHARASHTRA,21905,30-May-22,29-May-27,9158008754,Active,hot,"17.46483,77.41895"
Maharashtra State Warehousing Corporation,"MAHARASHTRA STATE WAREHOUSING CORPORATION, WAI BAZAR",6584734,"Mahur Kinwat Rd., APMC Market Yard Wai Bazar,, WAI BAZAR",Nanded,MAHARASHTRA,3150,30-May-22,29-May-27,9960440933,Active,hot,"41.0376,72.74586"
Maharashtra State Warehousing Corporation,Georai,6596977,"MSWC, APMC Area,, Beed Road, Georai , Beed- 431127",Bid,MAHARASHTRA,6820,23-Jun-22,22-Jun-27,8788575878,Active,hot,"19.2625294,75.7504928"
mangrul kambe schedule cast seed producer compny ltd.,Buldana Urban Godown No 07,6111641,"Buldana Urban Godown no 07 , Gat No 185, Hatgaon Tq Murtizapur",Akola,MAHARASHTRA,2000,20-Jul-21,19-Jul-26,7666497194,Active,cold,"62,10"
Origo Commodities India Private Limited,"G B OIL Product & Warehousing Godown No.1,2,3",4791642,"Plot No.50/1, Moua Ismailpur, Pulgaon Road,",Wardha,MAHARASHTRA,3835,23-Dec-19,22-Dec-24,7042199478,Inactive,hot,"26.91667,87.91667"
PHOENIX ENTERPRISES,PHOENIX ENTERPRISES,6741334,"GAT NO 474 & 475 ,GAT NO 472/1/A,",Nandurbar,MAHARASHTRA,16804,22-Jun-23,21-Jun-28,9923056090,Active,cold,"9.975622,76.2841356"
Shree Shubham Logistics Limited,"SHREE SHUBHAM LOGISTICS LIMITED C/O RADHIKA ANIRUDH GOENKA, WAREHOUSE NO.02, GAT NO.232 C/O VIMAL GOENKA WAREHOUSE PREMISES ,",9731657,"OPP. VINODRAI FACTORY, JALNA- AURANGABAD ROAD,, VILLAGE-DAWALWADI, TALUKA-BADNAPUR, DISTRICT-JALNA, MAHARASHTRA.",Jalna,MAHARASHTRA,5787,11-Dec-20,10-Dec-25,7020133341,Inactive,cold,"62,10"
SONPAULA AGRO PRODUCER COMPNY LTD,sonpaula godown no 2,3851641,"AT POST ANJANI KHURD, AT POST ANJANI KHURD",Buldana,MAHARASHTRA,1000,22-Mar-21,21-Mar-26,7588080447,Active,hot,"47.28167,8.45023"
StarAgriWarehousing CollateralManagementLimited,Star Agri Warehousing & Collateral Management Limited C/o Ashwin Oil Mill Warehouse,1006576,"Gut No. 47, Mouje Lakhmanpur, Taluka - Akot,",Akola,MAHARASHTRA,1727,24-Feb-23,24-Mar-28,9314058569,Active,cold,"38.46144,-90.09178"